"first_name";"last_name";"email";"password";"photo_url_1";"photo_url_2";"photo_url_3"
"Vincent";"P.";"vinsdu95@gmail.com";"123456";"http://www.idee-kdo.com/wp-content/uploads/sites/11/2015/08/homme-bricoleur.jpg";"";""
"Mathieu";"C.";"matthew@wanadoo.com";"123456";"http://static.cuisineaz.com/680x357/i61584-deja-il-cuisine-tout-court.jpg";"";""
"Robin";"P.";"robin.nana@hotmail.com";"123456";"http://mon-job.com/wp-content/uploads/2014/12/pharmacien.jpg";"";""
"Jacquie";"S.";"jacquielapoulie@gmail.com";"123456";"http://www.coach-sportif-paris.fr/images/steve_coach_sportif_index1.jpg";"";""
"Charles";"M.";"charles222@gmail.com";"123456";"http://dailygeekshow.com/wp-content/uploads/2015/02/Homme-optimise-temps.jpg";"";""
"Nikolay";"M.";"nikolaylacaille@hotmail.com";"123456";"http://www.web-developpeur.com/assets/images/web-developpeur.jpg";"";""
"Cl√©ment";"P.";"clement.perry@gmail.com";"123456";"http://cdn.topibuzz.com/static/v1/16-02/astuce-de-fille1455630599.jpg";"";""
"Bertrand";"D.";"Bertrand.grugeot@gmail.com";"123456";"http://www.expert-peinture.fr/wp-content/uploads/2015/03/peintre-d%C3%A9corateur.jpg";"";""
"Jane";"G.";"Janenyny@outlook.com";"123456";"http://img.fac.pmdstatic.net/fit/http.3A.2F.2Fwww.2Efemmeactuelle.2Efr.2Fvar.2Ffemmeactuelle.2Fstorage.2Fimages.2Fanimaux.2Fveterinaire-les-conseils.2Fvacances-faire-garder-son-animal-00271.2F6158905-2-fre-FR.2Fvacances-faire-garder-son-animal.2Ejpg/600x450/crop-from/center/vacances-faire-garder-son-animal.jpeg";"";""
