"first_name";"last_name";"email";"password";"gender";"description";"photo_url_1";"photo_url_2";"photo_url_3"
"Achille";"M.";"achille.lewagon@gmail.com";"123456";"homme";"Adore les chats, les lunettes et le code";"https://img4.hostingpics.net/thumbs/mini_539404oldachille.jpg";"";""
"Alban";"P.";"alban.lewagon@gmail.com";"123456";"homme";"Cherche un colocataire pour regarder l'émission The Island avec moi. J'aime aussi le code";"https://img4.hostingpics.net/thumbs/mini_280460oldalban.jpg";"";""
"Alexandre";"G.";"alexandre.lewagon@gmail.com";"123456";"homme";"Toujours actif, j'ai été pendant longtemps un serial entrepreneur. J'aime aussi le code";"https://img4.hostingpics.net/thumbs/mini_299304oldalexandre.jpg";"";""
"Alexis";"G.";"alexis.lewagon@gmail.com";"123456";"homme";"Passionné de bateaux, je recherche un(e) colocataire pour naviguer sur l'océan de la vie. J'aime aussi le code";"https://img4.hostingpics.net/thumbs/mini_993973oldalexis.jpg";"";""
"Ben";"P.";"ben.lewagon@gmail.com";"123456";"homme";"Amoureux de nature et randonnées. Toujours en vadrouille le weekend. J'adore le code";"https://img4.hostingpics.net/thumbs/mini_816811oldben.jpg";"";""
"Chris";"B.";"chris.lewagon@gmail.com";"123456";"homme";"Passionné d'amérique du sud. Je cherche un colocataire qui n'a pas peur d'être un peu seul quand je suis en voyage. J'adore coder";"https://img4.hostingpics.net/thumbs/mini_654093oldchris.jpg";"";""
"Clara";"E.";"clara.lewagon@gmail.com";"123456";"femme";"Je cherche un colocataire pour partager ma passion pour l'art et le théatre. Passionnée de code";"https://img4.hostingpics.net/thumbs/mini_433394oldclara.jpg";"";""
"Cyrielle";"B.";"cyrielle.lewagon@gmail.com";"123456";"femme";"Si vous aimez les jeux vidéos, vous aimerez rejoindre la colocation. Je me passionne aussi pour le monde de l'entreprise et l'actualité. J'aime aussi le code";"https://img4.hostingpics.net/thumbs/mini_293477oldcyrielle.jpg";"";""
"Eléonore";"D.";"eleonore.lewagon@gmail.com";"123456";"femme";"Toujours de bonne humeur, j'aime les bon repas et l'esprit de famille. Je fait du code tous les jours aussi.";"https://img4.hostingpics.net/thumbs/mini_603173oldeleonor.jpg";"";""
"Florestan";"L.";"florestan.lewagon@gmail.com";"123456";"homme";"Toujours actif, j'ai été pendant longtemps un serial entrepreneur. J'aime aussi le code";"https://img4.hostingpics.net/thumbs/mini_812108oldflorestan.jpg";"";""
"Gabi";"P-N.";"gabi.lewagon@gmail.com";"123456";"homme";"Anciennement dans la finance, je recherche un(e) colocataire partageant mes passions. Le code est une seconde nature";"https://img4.hostingpics.net/thumbs/mini_581111oldgabi.jpg";"";""
"Germain";"L.";"germain.lewagon@gmail.com";"123456";"homme";"J'adore cuisiner des petits plats, partir en weekend et coder des projets et idées.";"https://img4.hostingpics.net/thumbs/mini_658579oldgermain.jpg";"";""
